nagendran ramesh
nagendran sigamani@gundusiga
nagendran siga@ollisiga
nagendran murugan
nagendran ramesh@lambaramesh
nagendran arunkumar
nagendran bagasaravanan@saravanan
nagendran jeeva
nagendran gnanam@gnanavel
nagendran paramasivam
nagendran mohanavelan
nagendran shankar
nagendran mahesh
nagendran desappan
nagendran kuppusamy
nagendran selvam@soriselvam
nagendran sakthivel
nagendran jana
nagendran siva@kullasiva@sivakumar
nagendran muthamilan
nagendran moorthi@nondimoorthi
nagendran bodysaravanan
nagendran babloo@prabhu
murugan nagendran
murugan ramesh
murugan sigamani@gundusiga
murugan siga@ollisiga
murugan citibabu
murugan saravanan
murugan ramu
murugan vijayan@veechivijayan
murugan sekar
murugan elango
murugan shankar
murugan pandiyan@pannipandyan
murugan radhakrishnan
murugan ravi@ravikumar
murugan pushpakaran
murugan gantha
murugan sori@mathiyalagan
murugan kannan
murugan paramasivam
murugan mohanavelan
murugan ravi@olairavi
somu@somasundaram chera@rajendran
somu@somasundaram sankar
somu@somasundaram karuppubabu
somu@somasundaram karuppuselvam
somu@somasundaram irumbukadaisekar
somu@somasundaram yesu@yesupal
somu@somasundaram gani
chera@rajendran somu@somasundaram
chera@rajendran irumbukadaisekar
chera@rajendran ganesan@burmaganesan
chera@rajendran kameshnan
chera@rajendran thambi@subramani
chera@rajendran stannesraj@stannesraja
chera@rajendran prabhu@prabakaran
chera@rajendran thulasi@thulasidoss
chera@rajendran kathir@kathiravan
batcha@baskaran baskar@chottaibaskar
batcha@baskaran siga@deivasigamani
batcha@baskaran thambaiah
batcha@baskaran murugan
batcha@baskaran doss@ollidoss
batcha@baskaran murugan
batcha@baskaran muniyandi
batcha@baskaran yasu
batcha@baskaran sathish
batcha@baskaran krishnan@mayakrishnan
batcha@baskaran guna@gunasekaran
batcha@baskaran muniyandi
batcha@baskaran arunkumar
batcha@baskaran kadhukuthuravi
nandha@nandhakumar ravi@kathukuthiravi
nandha@nandhakumar batcha@baskar
nandha@nandhakumar siga@deivasigamani
nandha@nandhakumar abdulsalam
nandha@nandhakumar thambiah@kalaiyarasan
nandha@nandhakumar ganeshan
nandha@nandhakumar doss@arokiyadoss
nandha@nandhakumar raja@koluthuraja
nandha@nandhakumar kasi@kasinathan
nandha@nandhakumar jageerhusan
nandha@nandhakumar raj@jorge@arokiyaraj
nandha@nandhakumar kasi@kasinathan
nandha@nandhakumar babu@dharmaraj
nandha@nandhakumar siga@deivasigamani
ganesan@ganesan. ramesh@satchiramesh
ganesan@ganesan. ismail
ganesan@ganesan. augastin
ganesan@ganesan. anbu@karimeduanbu
ganesan@ganesan. dinesh
ganesan@ganesan. kadhir@kadhiravan
ganesan@ganesan. larance@lalalarance
ganesan@ganesan. gunasekaran
ganesan@ganesan. @olairavi
mohan@kattanmohan anbu@karimeduanbu
mohan@kattanmohan dinesh
mohan@kattanmohan kadhir@kadhiravan
mohan@kattanmohan francis
mohan@kattanmohan batcha
mohan@kattanmohan elango
mohan@kattanmohan muthusamy
mohan@kattanmohan @olairavi
mohan@kattanmohan vijayadoss
mohan@kattanmohan krishnamoorthi
mohan@kattanmohan prabhakaran
mohan@kattanmohan mohamedali
mohan@kattanmohan elumalai
mohan@kattanmohan radha@radhakrishnan
mohan@kattanmohan jayaprakash
mohan@kattanmohan elango
murthy@uraimurthy(th) anandan
murthy@uraimurthy(th) ganeshan
sekar@mattusekar mahesh@maheshkumar
sekar@mattusekar ravi@germanravi
sekar@mattusekar krishnan
sekar@mattusekar ravi@kathukuthuravi
mukesh@ramesh@suresh sathish
mukesh@ramesh@suresh vijayakumar
mukesh@ramesh@suresh ravi
mukesh@ramesh@suresh venkatesan
sampath somu@somasundaram
sampath chera@rajendran
sampath tamilselvan
sampath thirumaran
sampath mohammedrafique
sampath nagaraj
sampath sorriramesh
baskar@elumbubaskar sundramoorthy@elisundramoorthy
baskar@elumbubaskar janagiraman
baskar@elumbubaskar prakash
baskar@elumbubaskar kanagu@kanagaraj
baskar@elumbubaskar ganam@ganasekar
baskar@elumbubaskar balaji@yamahabalaji
baskar@elumbubaskar unni@kelap
suresh@arocotsuresh dakshinamoorthiy
suresh@arocotsuresh raja@ceasingraja@thambaramraja
suresh@arocotsuresh siga@navaneethakrishnan
suresh@arocotsuresh anjalai
suresh@arocotsuresh sugu@sugumar
suresh@arocotsuresh vairam@vairamuthu@kundrathurvairam
suresh@arocotsuresh narayanan@bambanarayanan
suresh@arocotsuresh velu@velmurugan
suresh@arocotsuresh sathish
suresh@arocotsuresh raju
suresh@arocotsuresh rajesh@prakash
suresh@arocotsuresh nagaraj
suresh@arocotsuresh jaya@jayakumar
suresh@arocotsuresh kubendran
suresh@arocotsuresh udaya@udayakumar
suresh@arocotsuresh jayaraman
suresh@arocotsuresh vinoth@vinothkumar
suresh@arocotsuresh magi@mahendran
suresh@arocotsuresh ezhilarasu
suresh@arocotsuresh saravanan
suresh@arocotsuresh sankar@muttaisankar
suresh@arocotsuresh thangamani
suresh@arocotsuresh adhi@adhikesavan
suresh@arocotsuresh viji@vijayakumar
suresh@arocotsuresh .durai
suresh@arocotsuresh .kutti@kuttiyappan@sura
saravanan@thensaravanan .thennarsu
saravanan@thensaravanan .p.t.ramesh@ramesh
saravanan@thensaravanan .sakthivel@vadakaraisakthi()
saravanan@thensaravanan .kadhukuthuravi
saravanan@thensaravanan .mani@thamizhmani
saravanan@thensaravanan .kakkuveeran()
saravanan@thensaravanan .raja@appalamraja
saravanan@thensaravanan .gurubalaji
radha@radhakrishnan .alaudin()
radha@radhakrishnan .madhan@madhankumar
radha@radhakrishnan .madhan@pallumadhan
radha@radhakrishnan .charles
radha@radhakrishnan .batchi@baskaran
radha@radhakrishnan .umar
radha@radhakrishnan .prakash@appalamprkaseh
radha@radhakrishnan .konanatarajan
radha@radhakrishnan .hari@mangalorehari
radha@radhakrishnan .manikandanoferode
parthiban .a.c.baskar
parthiban suresh@kothamallisuresh
parthiban premkumar@prem
parthiban vinothkumar
stalinsamuel@stalin robert
stalinsamuel@stalin vinyagamurthy
stalinsamuel@stalin rajan
stalinsamuel@stalin mathi@mathisoothanan
stalinsamuel@stalin arunagiri
stalinsamuel@stalin ramesh@vellairamesh
stalinsamuel@stalin mahesh@petermahesh
vinayagamurthy@vinayagam robert
vinayagamurthy@vinayagam rajan
vinayagamurthy@vinayagam mathi@mathisoothanan
vinayagamurthy@vinayagam arunagiri
vinayagamurthy@vinayagam stalin@stalinsamuel
vairam@vairamuthu ravikumar@dogravi()
vairam@vairamuthu kakkuveeran()
vairam@vairamuthu selvakumar@kokkeikumar
vairam@vairamuthu ganesan@mattumoolaiganesan
vairam@vairamuthu hari@harikrishnan()
vairam@vairamuthu ghousebhasha()
vairam@vairamuthu settu@josephwilfred
vairam@vairamuthu vinodh@vinodhkumar()
vairam@vairamuthu kalaimani
vairam@vairamuthu samson
vairam@vairamuthu kanagu@kanagaraj
balaji@kakkathopebalaji viji@fernando
balaji@kakkathopebalaji periyasamy@kuttiyapan
balaji@kakkathopebalaji gopi
balaji@kakkathopebalaji baskar
balaji@kakkathopebalaji amar@ilayamani
balaji@kakkathopebalaji manigandan
balaji@kakkathopebalaji anbu
balaji@kakkathopebalaji bokkairavi
govindaraj elumalai
govindaraj dhanraj
govindaraj vijayakumar
govindaraj mackey@marchey
govindaraj johnhenry
govindaraj jayakumar
govindaraj prakash@bondaprakash
govindaraj babu@ammapaul
ravi@kalvetturavi@ravisankar prasena@presenakumar
ravi@kalvetturavi@ravisankar senthil@senthilnathan
ravi@kalvetturavi@ravisankar rugmangathan
ravi@kalvetturavi@ravisankar jeeva
ravi@kalvetturavi@ravisankar appu@anbalagan
ravi@kalvetturavi@ravisankar prabhu
ravi@kalvetturavi@ravisankar premkumar
ravi@kalvetturavi@ravisankar durai
ravi@kalvetturavi@ravisankar rajesh
ravi@kalvetturavi@ravisankar mopu@mohanraj
ravi@kalvetturavi@ravisankar nagarajan
ravi@kalvetturavi@ravisankar .kandan@thiruvanmaiyurkandan
ravi@kalvetturavi@ravisankar .ravi@c.g.colonyravi
saravanan@thiruttusaravananm-a saravanan@saravanakumar
saravanan@thiruttusaravananm-a dinesh@deepansakravathi
saravanan@thiruttusaravananm-a sudhakar
saravanan@thiruttusaravananm-a naguraniba@karuppunagur
saravanan@thiruttusaravananm-a sriram
saravanan@thiruttusaravananm-a mani@subramani
saravanan@thiruttusaravananm-a srini@srinivasan
saravanan@thiruttusaravananm-a sankar@typesankar
saravanan@thiruttusaravananm-a sappaimunusamy@t.smunusamy
saravanan@thiruttusaravananm-a nagaraj
saravanan@thiruttusaravananm-a deepan
saravanan@thiruttusaravananm-a suresh@gatesuresh
appalam@appalaprakash .balaji@kakkathopebalaji
appalam@appalaprakash .ravichandran
appalam@appalaprakash .prakash@ceithappan
appalam@appalaprakash .arun@arunkumar
appalam@appalaprakash .anand@tlpananad
appalam@appalaprakash .bhaskar
appalam@appalaprakash .saranraj
appalam@appalaprakash .karthick
appalam@appalaprakash .rajan
selvam@malaikanselvam viji@vijayakumar
selvam@malaikanselvam siva@sivakumar
selvam@malaikanselvam powderravi
selvam@malaikanselvam sakthivel
selvam@malaikanselvam shankar
selvam@malaikanselvam lingesan
selvam@malaikanselvam janagan
selvam@malaikanselvam krishnan
selvam@malaikanselvam heightsiva
dhanasekaran odi@saravanan
dhanasekaran david
dhanasekaran ayyanar
dhanasekaran babu
dhanasekaran ramu
dhanasekaran hari@hariharan
dhanasekaran siva
dhanasekaran kumaresan
dhanasekaran mariadoss
dhanasekaran rajesh
dhanasekaran arunkumar
dhanasekaran gopi
dhanasekaran thiru@mahendiran
dhanasekaran vinayagam
dhanasekaran raja@rajkumar
dhanasekaran m.santhosh@santhoshkumar
dhanasekaran chinni@venkatraman
dhanasekaran senthilkumar
dhanasekaran sathya
dhanasekaran mukesh
dhanasekaran tamilselvan
dhanasekaran janakaraj
dhanasekaran appunu@vasanthkumar
dhanasekaran suresh
dhanasekaran sundarapandi
dhanasekaran rajapandi
dhanasekaran lakshmanababu@sishya
dhanasekaran sena@senathipathy
dhanasekaran suresh@ariyalursuresh
dhanasekaran dinesh@dineshkumar
dhanasekaran nagendiran
dhanasekaran ravichandran
dhanasekaran deepanchakravarthy
dhanasekaran kutty@krishnaraj
dhanasekaran kullamani@manivannan
dhanasekaran suresh@singaporesuresh
dhanasekaran ramu
dhanasekaran manimaran
thambiraja@rajaprince@goldwin shanthanaraj
thambiraja@rajaprince@goldwin angusamy
thambiraja@rajaprince@goldwin doshi@doshibaanand
thambiraja@rajaprince@goldwin bhaskaran
thambiraja@rajaprince@goldwin samuelnadar
thambiraja@rajaprince@goldwin shyamsundar
thambiraja@rajaprince@goldwin johankenady
thambiraja@rajaprince@goldwin hemanthkumarsingh
thambiraja@rajaprince@goldwin dhanasingh@srinivasan
thambiraja@rajaprince@goldwin murugan
thambiraja@rajaprince@goldwin mohan@mohandoss
thambiraja@rajaprince@goldwin vijayadoss
thambiraja@rajaprince@goldwin kalidoss
thambiraja@rajaprince@goldwin illamallai
thambiraja@rajaprince@goldwin krishnamoorthy@amavasaibrotherofillamallai
thambiraja@rajaprince@goldwin dheysingh
thambiraja@rajaprince@goldwin prabakaran
thambiraja@rajaprince@goldwin md.ali
thambiraja@rajaprince@goldwin mohan
thambiraja@rajaprince@goldwin elumalai
thambiraja@rajaprince@goldwin kotty@kottieswaran
thambiraja@rajaprince@goldwin radha@radhakrishnan
thambiraja@rajaprince@goldwin etti@ettiyappan
thambiraja@rajaprince@goldwin elango
thambiraja@rajaprince@goldwin jayaprakashm/no.
thambiraja@rajaprince@goldwin jenith
thambiraja@rajaprince@goldwin rajesh@murugan
thambiraja@rajaprince@goldwin luckyraj
thambiraja@rajaprince@goldwin milten
thambiraja@rajaprince@goldwin siva@sivashanmugam
thambiraja@rajaprince@goldwin devasagayam
thambiraja@rajaprince@goldwin savithyaquincee
thambiraja@rajaprince@goldwin d.lilly
marketmurali/ saravanan@marketsaravanan
marketmurali/ kannan@marketkannan
marketmurali/ rajan@raja
marketmurali/ anthony@periyaanthony
marketmurali/ thopulankumar
marketmurali/ nagaraj
marketmurali/ kumar@karuppukumar
marketmurali/ ponnurangam
marketmurali/ lakshmanna
marketmurali/ gopi@tholgopi
marketmurali/ kumar
marketmurali/ vinayagam
marketmurali/ raja
marketmurali/ rajan@rajendran
marketmurali/ kumar
marketmurali/ manoharan@kundhimanoharan
marketmurali/ mahendran
marketmurali/ bharthasarathi
marketmurali/ ismailboy
marketmurali/ sivansiva
marketmurali/ ravi@kullaravi
marketmurali/ murugeshan
marketmurali/ krishnan@nodikrishnan
marketmurali/ balaji
marketmurali/ kumar
marketmurali/ sridhar
marketmurali/ bakiyaraj
marketmurali/ sarathi@parthasarathi
marketmurali/ babu@neppubabu
marketmurali/ eli@nattu@krishnamoorthino.
marketmurali/ viji
marketmurali/ sivakumar
marketmurali/ selvamani
marketmurali/ senthilkumar
marketmurali/ vinayagam
marketmurali/ raja
marketmurali/ lakshman
marketmurali/ gopi@thol@isupputhol
marketmurali/ gopi
marketmurali/ sekar
marketmurali/ purusothaman
marketmurali/ yuvarajm./a
marketmurali/ nandhakumar
marketmurali/ kavikumar
marketmurali/ arunkumar
marketmurali/ kumar@ratinakumar
marketmurali/ saravanan@thikkuvaisaravanan
marketmurali/ elango
marketmurali/ emburose
marketmurali/ ranganathan
kumar@thoppulankumar senthilkumar@senthil
kumar@thoppulankumar vinayagam
kumar@thoppulankumar lakshmanan
kumar@thoppulankumar raja
kumar@thoppulankumar sridhar
kumar@thoppulankumar gopi@isuputholegopi
kumar@thoppulankumar nagaraj
kumar@thoppulankumar senthil@senthilkumar
kumar@thoppulankumar lakshmanan
kumar@thoppulankumar manibalan@manipal
kumar@thoppulankumar kumar@karuppukumar
kumar@thoppulankumar ponnurangam
kumar@thoppulankumar sambantham
kumar@thoppulankumar kumar
kumar@thoppulankumar vinayagam
kumar@thoppulankumar raja
kumar@thoppulankumar rajan@rajendran
kumar@thoppulankumar kumar
kumar@thoppulankumar manoharan@kundhimanoharan
kumar@thoppulankumar mahendran
kumar@thoppulankumar bharthasarathi
kumar@thoppulankumar ismailboy
kumar@thoppulankumar sivansiva
kumar@thoppulankumar murali@marketmurali
kumar@thoppulankumar anthoni@periyaanthoni
kumar@thoppulankumar saravanan@marketsaravanan
kumar@thoppulankumar kannan@marketkannan
kumar@thoppulankumar staline
kumar@thoppulankumar ganesan
kumar@thoppulankumar vinayagam
kumar@thoppulankumar jagen
kumar@thoppulankumar raja
kumar@thoppulankumar gopi
kumar@thoppulankumar senthil@senthilkumar
kumar@thoppulankumar gopi@tholgopi
kumar@thoppulankumar lashmanan
kumar@thoppulankumar varadharajan
kumar@thoppulankumar rattinakumar@ravikumar
kumar@thoppulankumar jayakumar
kumar@thoppulankumar nehru@nehrudoss
kumar@thoppulankumar subura@subramani
binu .dakshna
binu nasar
binu dr.anbu
binu .saravanan
binu .ramesh
binu pandian
binu .venkatesan.
binu .muthu
binu .kamal@kamalakasan
binu .alavudeen
binu .regan
binu .karuna@karunakaran
binu .hari@bangalorehari
binu .sekar@chandrasekar
binu .jai@jayakumar
binu .babu
binu .raju@yuvaraj
binu .sivaraj
binu .dayalan
binu .nagaraju
binu .kumaravelu
binu .prem
binu .kumar@thadikumar
binu .kanagaraj
binu .ganesh@josap
binu .saravanan
binu .mani@manikandan
binu .kannan@chinnakannan
binu .sekmd.
binu .mrs.sobha
binu .mahendrakumar
binu .vignesh()
binu .manikandan()
binu .sarathkumar()
binu .harisekar()
binu .chitrarajan()
binu .raghava@raghavendran()
binu .kasim()
binu .abdulrazack()
binu .kannan()
binu .mari()
binu .selvam()
thangaiah ranjan
thangaiah sambath
thangaiah sathish
thangaiah markantony
thangaiah senthilkumar
thangaiah mohan
thangaiah raji
thangaiah krishnamoorthi
thangaiah sooriyanathan
thangaiah kannan@rajeshkanna
thangaiah sampath
thangaiah dhachina@dhachinamoorthi
thangaiah vivekandan
thangaiah rajesh
thangaiah thirunavukarasu
thangaiah premnath
thangaiah karpakam
thangaiah samuvel
thangaiah annadurai@durai
thangaiah senthilkumar
thangaiah kannan
thangaiah balan@kullabalan@kullabalu@balakrishnan
thangaiah kumar@britanyakumar
thangaiah ramesh
thangaiah ravi
thangaiah murugan
thangaiah guna@gunasekaran
thangaiah pandiyan
thangaiah ramu
thangaiah saravana@kumar
thangaiah senthil@senthilkumar
thangaiah mottai@venkateshan
dakshinamoorthy s.noname&addressrowdism
dakshinamoorthy p.muruga@theechattimurugan
dakshinamoorthy yuvaraj
dakshinamoorthy yuvaraj
dakshinamoorthy yuvaraj
dakshinamoorthy yuvaraj
dakshinamoorthy sooriyanathan
dakshinamoorthy kannan@rajeshkanna
dakshinamoorthy thangaiah
dakshinamoorthy vivekandan
dakshinamoorthy rajesh
dakshinamoorthy thirunavukarasu
dakshinamoorthy karpakam
dakshinamoorthy kamalakannan
dakshinamoorthy joyal@joyalfrancis
dakshinamoorthy raj@yuvaraj
dakshinamoorthy rajasekar
dakshinamoorthy rajendran
dakshinamoorthy rafiq@mohamedrafiq
dakshinamoorthy pushpalingam
dakshinamoorthy 
dakshinamoorthy 
dakshinamoorthy 
dakshinamoorthy 
dakshinamoorthy 
gnanam@thirugnanam immanuvel
gnanam@thirugnanam ellaiyan
gnanam@thirugnanam mani
gnanam@thirugnanam john
gnanam@thirugnanam dayalan
gnanam@thirugnanam sridhar
gnanam@thirugnanam karthic
gnanam@thirugnanam pradeep
gnanam@thirugnanam vincent
gnanam@thirugnanam balu@funkbalu
gnanam@thirugnanam iman@himanuvel
gnanam@thirugnanam ravichandran
gnanam@thirugnanam katheer@katheeravan
gnanam@thirugnanam murugan@salaimuruagan
gnanam@thirugnanam jayaprakash
gnanam@thirugnanam jayapal
gnanam@thirugnanam kannan
gnanam@thirugnanam kathirasan
gnanam@thirugnanam goutham
gnanam@thirugnanam sivanasan
gnanam@thirugnanam sathiya
gnanam@thirugnanam jai@jayachandran
gnanam@thirugnanam babu
gnanam@thirugnanam ashok
gnanam@thirugnanam thangadurai
gnanam@thirugnanam zerald
gnanam@thirugnanam natarajan
gnanam@thirugnanam venkateshan
gnanam@thirugnanam a.p.kannan
gnanam@thirugnanam balaji
gnanam@thirugnanam charless
gnanam@thirugnanam pancha@panchacharam
gnanam@thirugnanam ezhilraj
gnanam@thirugnanam battric
gnanam@thirugnanam ambika
gnanam@thirugnanam s.s.staline
gnanam@thirugnanam srinath
gnanam@thirugnanam hari@harikrishnan
gnanam@thirugnanam vasanthakumar
gnanam@thirugnanam kannan
gnanam@thirugnanam prabakaran
gnanam@thirugnanam mani
krishnaveni amlet@selvaraj
krishnaveni thomas
krishnaveni john
krishnaveni palani
krishnaveni kalai@kalaiselvan
krishnaveni shanmugam
krishnaveni senbakavalli
krishnaveni sekar
krishnaveni kumar
krishnaveni mannu@mannuboopathi
krishnaveni arokkiyadoss
krishnaveni harikrishnan
krishnaveni sudhakar
krishnaveni raja
krishnaveni 
thirunavukarasu@thiruna@gunduthiruna. shanmugam
thirunavukarasu@thiruna@gunduthiruna. muniyan
thirunavukarasu@thiruna@gunduthiruna. prakash
thirunavukarasu@thiruna@gunduthiruna. mari@mariyappan
thirunavukarasu@thiruna@gunduthiruna. chakkarabani
thirunavukarasu@thiruna@gunduthiruna. raja
thirunavukarasu@thiruna@gunduthiruna. navaganesh
thirunavukarasu@thiruna@gunduthiruna. kumar@annamalai
thirunavukarasu@thiruna@gunduthiruna. velu
thirunavukarasu@thiruna@gunduthiruna. venkateshan
thirunavukarasu@thiruna@gunduthiruna. kesavan
thirunavukarasu@thiruna@gunduthiruna. veerasamy
thirunavukarasu@thiruna@gunduthiruna. karunakaran
thirunavukarasu@thiruna@gunduthiruna. rajendran
thirunavukarasu@thiruna@gunduthiruna. chinna
magesh@periyamageshm/s/ ravi@pookadairavi
magesh@periyamageshm/s/ nainasuresh
magesh@periyamageshm/s/ udukkanelumalaima/
magesh@periyamageshm/s/ bashkar@uttaichaikadalaibashkar
magesh@periyamageshm/s/ senthilkumar@senthil
magesh@periyamageshm/s/ kusmi@muthuvel
magesh@periyamageshm/s/ vetrivel
magesh@periyamageshm/s/ dharman@dharma
magesh@periyamageshm/s/ manrosh
magesh@periyamageshm/s/ ramesh
magesh@periyamageshm/s/ stalin
magesh@periyamageshm/s/ vekatesh@kattukavenkatesh
magesh@periyamageshm/s/ saravanan@kalvaisaravanan
magesh@periyamageshm/s/ mahadevan
magesh@periyamageshm/s/ venkatesh
magesh@periyamageshm/s/ sivakumar
magesh@periyamageshm/s/ raja@kattupurathuraja
magesh@periyamageshm/s/ suresh@kuttipulisuresh
magesh@periyamageshm/s/ babu@shipsbabu
magesh@periyamageshm/s/ makkanvelu@velu
magesh@periyamageshm/s/ haribabu
magesh@periyamageshm/s/ vel
magesh@periyamageshm/s/ vijayakumar
magesh@periyamageshm/s/ pachai@padmanapan
magesh@periyamageshm/s/ sivaraman
magesh@periyamageshm/s/ saravanan
magesh@periyamageshm/s/ prasath
magesh@periyamageshm/s/ venkateshan@metrovenkteshan
magesh@periyamageshm/s/ sureshkumar
magesh@periyamageshm/s/ selvakumar
magesh@periyamageshm/s/ nanthagopal
magesh@periyamageshm/s/ dhanasekar
raja@dokkanraja sekar
raja@dokkanraja kozhisekar
raja@dokkanraja kuppusami
raja@dokkanraja raja
raja@dokkanraja senthil
raja@dokkanraja jeeva
raja@dokkanraja karka@karkavenkateshan
raja@dokkanraja senthil@kizhavansenthil
raja@dokkanraja jiva
raja@dokkanraja raja
raja@dokkanraja devi
raja@dokkanraja pushpa
raja@dokkanraja sekar
raja@dokkanraja raji@nattupuraraj
raja@dokkanraja appun@parthasarathi
raja@dokkanraja murali
raja@dokkanraja selam@selva
raja@dokkanraja muthuraj
raja@dokkanraja kapali
raja@dokkanraja deepan
raja@dokkanraja gopisekar
raja@dokkanraja kuppusami
raja@dokkanraja raja
raja@dokkanraja senthil
appu@krishnasamy rajendran@gaterajendran
appu@krishnasamy sundar
appu@krishnasamy arunlalkadhardoss
appu@krishnasamy rajan
appu@krishnasamy arokkiyadoss
appu@krishnasamy jaiganesh
appu@krishnasamy saravanan
appu@krishnasamy sivakumar
appu@krishnasamy sugumar
appu@krishnasamy ganeshkumar
appu@krishnasamy kathiravan()
sivakumar nirmal
sivakumar thamilselvan
sivakumar srini@srinivasan@muthamilselvan
sivakumar chandraf/s
sivakumar eswaran
sivakumar .anandan
sivakumar .vinoth
sivakumar .rajesh
sivakumar .karthikeyan
sivakumar .jeva
sivakumar .bashkar@kuttibashkar
sivakumar .yuvaraj
sivakumar .renuga
sivakumar .shanmugam
sivakumar .suresh
sivakumar .mappadubashkar
sivakumar .pudurappu
sivakumar .thulukanam
sivakumar .rajesh
sivakumar .selvam
sivakumar .olimurugan
sivakumar .satimurugan
sivakumar .mathivanan
sivakumar .suriyakumar
sivakumar .nithiya@nithiyanandam
sivakumar .kalaivanan
sivakumar .mathan
sivakumar .barath@sottaibarath
kali@kalyanasundaram citibabu
kali@kalyanasundaram senthil
kali@kalyanasundaram dharma
kali@kalyanasundaram ramesh
kali@kalyanasundaram mandrows
kali@kalyanasundaram punniya@punniyanathan
kali@kalyanasundaram kanniyappan
kali@kalyanasundaram singaram
kali@kalyanasundaram billa@suresh
kali@kalyanasundaram manikkam
kali@kalyanasundaram navanitham@sasi@sasikumar
kali@kalyanasundaram raja@jayaraj
kali@kalyanasundaram hari
kali@kalyanasundaram ramesh@uttichaikadalairamesh
kali@kalyanasundaram venkatash
kali@kalyanasundaram raja
kali@kalyanasundaram navaganesh
kali@kalyanasundaram mari
ravikumar@rakkappan ravi@katpadiravi
ravikumar@rakkappan aruldoss
ravikumar@rakkappan rottisrinivasan
ravikumar@rakkappan adushankar
ravikumar@rakkappan raja@kullaraja
ravikumar@rakkappan ranganathan
ravikumar@rakkappan sekar
ravikumar@rakkappan guna
ravikumar@rakkappan kumar
ravikumar@rakkappan kumar
ravikumar@rakkappan kumar
ravikumar@rakkappan nagappan
ravikumar@rakkappan mani
ravikumar@rakkappan deenadhayalan
ravikumar@rakkappan appunu@parthasarathi
ravikumar@rakkappan venkateshan@kattukkavenkateshan
kandan ravi@ravichandran@katpadiravi
kandan srinivasan@rottisrinivasan
kandan sankar
kandan raja@kullaraja
kandan aruldoss
kandan raji@mookanraji
kandan tominic
kandan anandan
kandan chittibabu
kandan arumugam
kandan shankar
kandan durai
kandan raja
kandan sekar@sakkataisekar
kandan rangan
kandan kabali
kandan singaram
kandan babu
kandan jegan@jegathishan
kandan m.rameshbabu
kandan nelson
kandan chinna
kandan vicky@vinkneshwaran
kandan sudhakar@sudhakaran
kandan muniyan
panneer@panneerselvam senthi
panneer@panneerselvam kannan
panneer@panneerselvam arunagiri
panneer@panneerselvam siva@korangusiva
panneer@panneerselvam selvam@sappaiselvam
panneer@panneerselvam ravikumar
panneer@panneerselvam manikandan
panneer@panneerselvam kanagaraj
panneer@panneerselvam doss
panneer@panneerselvam gopi
panneer@panneerselvam venkateshan
panneer@panneerselvam ramesh@rameshbabu
panneer@panneerselvam kannan
panneer@panneerselvam pradap
panneer@panneerselvam madhavan
panneer@panneerselvam sathiyanarayanan
panneer@panneerselvam krishnan
panneer@panneerselvam thiruvenkatam
murugan@kullamurugan suresh
murugan@kullamurugan praba@prabakaran
murugan@kullamurugan sathish@pulli
murugan@kullamurugan suresh
murugan@kullamurugan rangan
murugan@kullamurugan sekar
murugan@kullamurugan venkateshan@panepettaivenkateshan
murugan@kullamurugan murugan
murugan@kullamurugan loganathan
